Time,Open,High,Low,Close,Volume 
2012.01.02 00:00:00,6.36228,6.36228,6.36228,6.36228,0
2012.01.03 00:00:00,6.36228,6.36228,6.36228,6.36228,0
2012.01.04 00:00:00,6.36228,6.36228,6.36228,6.36228,0
2012.01.05 00:00:00,6.36228,6.36228,6.36228,6.36228,0
2012.01.06 00:00:00,6.36228,6.36228,6.36228,6.36228,0
2012.01.07 00:00:00,6.36228,6.36228,6.36228,6.36228,0
2012.01.08 00:00:00,6.36228,6.36228,6.36228,6.36228,0
2012.01.09 00:00:00,6.36228,6.36228,6.36228,6.36228,0
2012.01.10 00:00:00,6.36228,6.36228,6.36228,6.36228,0
2012.01.11 00:00:00,6.36228,6.36228,6.36228,6.36228,0
2012.01.12 00:00:00,6.36228,6.36228,6.36228,6.36228,0
2012.01.13 00:00:00,6.36228,6.36228,6.36228,6.36228,0
2012.01.14 00:00:00,6.36228,6.36228,6.36228,6.36228,0
2012.01.15 00:00:00,6.36228,6.36228,6.36228,6.36228,0
2012.01.16 00:00:00,6.36228,6.36228,6.36228,6.36228,0
2012.01.17 00:00:00,6.36228,6.36228,6.36228,6.36228,0
2012.01.18 00:00:00,6.36228,6.36228,6.36228,6.36228,0
2012.01.19 00:00:00,6.36228,6.36228,6.36228,6.36228,0
2012.01.20 00:00:00,6.36228,6.36228,6.36228,6.36228,0
2012.01.21 00:00:00,6.36228,6.36228,6.36228,6.36228,0
2012.01.22 00:00:00,6.36228,6.36228,6.36228,6.36228,0
2012.01.23 00:00:00,6.36228,6.36228,6.36228,6.36228,0
2012.01.24 00:00:00,6.36228,6.36228,6.36228,6.36228,0
2012.01.25 00:00:00,6.36228,6.36228,6.36228,6.36228,0
2012.01.26 00:00:00,6.36228,6.36228,6.36228,6.36228,0
2012.01.27 00:00:00,6.36228,6.36228,6.36228,6.36228,0
2012.01.28 00:00:00,6.36228,6.36228,6.36228,6.36228,0
2012.01.29 00:00:00,6.36228,6.36228,6.36228,6.36228,0
2012.01.30 00:00:00,6.36228,6.36228,6.36228,6.36228,0
2012.01.31 00:00:00,6.36228,6.36228,6.36228,6.36228,0
2012.02.01 00:00:00,6.36228,6.36228,6.36228,6.36228,0
2012.02.02 00:00:00,6.36228,6.36228,6.36228,6.36228,0
2012.02.03 00:00:00,6.36228,6.36228,6.36228,6.36228,0
2012.02.04 00:00:00,6.36228,6.36228,6.36228,6.36228,0
2012.02.05 00:00:00,6.36228,6.36228,6.36228,6.36228,0
2012.02.06 00:00:00,6.36228,6.36228,6.36228,6.36228,0
2012.02.07 00:00:00,6.36228,6.36228,6.36228,6.36228,0
2012.02.08 00:00:00,6.36228,6.36228,6.36228,6.36228,0
2012.02.09 00:00:00,6.36228,6.36228,6.36228,6.36228,0
2012.02.10 00:00:00,6.36228,6.36228,6.36228,6.36228,0
2012.02.11 00:00:00,6.36228,6.36228,6.36228,6.36228,0
2012.02.12 00:00:00,6.36228,6.36228,6.36228,6.36228,0
2012.02.13 00:00:00,6.36228,6.36228,6.36228,6.36228,0
2012.02.14 00:00:00,6.36228,6.36228,6.36228,6.36228,0
2012.02.15 00:00:00,6.36228,6.36228,6.36228,6.36228,0
2012.02.16 00:00:00,6.36228,6.36228,6.36228,6.36228,0
2012.02.17 00:00:00,6.36228,6.36228,6.36228,6.36228,0
2012.02.18 00:00:00,6.36228,6.36228,6.36228,6.36228,0
2012.02.19 00:00:00,6.36228,6.36228,6.36228,6.36228,0
2012.02.20 00:00:00,6.36228,6.36228,6.36228,6.36228,0
2012.02.21 00:00:00,6.36228,6.36228,6.36228,6.36228,0
2012.02.22 00:00:00,6.36228,6.36228,6.36228,6.36228,0
2012.02.23 00:00:00,6.36228,6.36228,6.36228,6.36228,0
2012.02.24 00:00:00,6.36228,6.36228,6.36228,6.36228,0
2012.02.25 00:00:00,6.36228,6.36228,6.36228,6.36228,0
2012.02.26 00:00:00,6.36228,6.36228,6.36228,6.36228,0
2012.02.27 00:00:00,6.36228,6.36228,6.36228,6.36228,0
2012.02.28 00:00:00,6.36228,6.36228,6.36228,6.36228,0
2012.02.29 00:00:00,6.36228,6.36228,6.36228,6.36228,0
2012.03.01 00:00:00,6.36228,6.36228,6.36228,6.36228,0
2012.03.02 00:00:00,6.36228,6.36228,6.36228,6.36228,0
2012.03.03 00:00:00,6.36228,6.36228,6.36228,6.36228,0
2012.03.04 00:00:00,6.36228,6.36228,6.36228,6.36228,0
2012.03.05 00:00:00,6.36228,6.36228,6.36228,6.36228,0
2012.03.06 00:00:00,6.36228,6.36228,6.36228,6.36228,0
2012.03.07 00:00:00,6.36228,6.36228,6.36228,6.36228,0
2012.03.08 00:00:00,6.36228,6.36228,6.36228,6.36228,0
2012.03.09 00:00:00,6.36228,6.36228,6.36228,6.36228,0
2012.03.10 00:00:00,6.36228,6.36228,6.36228,6.36228,0
2012.03.11 00:00:00,6.36228,6.36228,6.36228,6.36228,0
2012.03.12 00:00:00,6.36228,6.36228,6.36228,6.36228,0
2012.03.13 00:00:00,6.36228,6.36228,6.36228,6.36228,0
2012.03.14 00:00:00,6.36228,6.36228,6.36228,6.36228,0
2012.03.15 00:00:00,6.36228,6.36228,6.36228,6.36228,0
2012.03.16 00:00:00,6.36228,6.36228,6.36228,6.36228,0
2012.03.17 00:00:00,6.36228,6.36228,6.36228,6.36228,0
2012.03.18 00:00:00,6.36228,6.36228,6.36228,6.36228,0
2012.03.19 00:00:00,6.36228,6.36228,6.36228,6.36228,0
2012.03.20 00:00:00,6.36228,6.36228,6.36228,6.36228,0
2012.03.21 00:00:00,6.36228,6.36228,6.36228,6.36228,0
2012.03.22 00:00:00,6.36228,6.36228,6.36228,6.36228,0
2012.03.23 00:00:00,6.36228,6.36228,6.36228,6.36228,0
2012.03.24 00:00:00,6.36228,6.36228,6.36228,6.36228,0
2012.03.25 00:00:00,6.36228,6.36228,6.36228,6.36228,0
2012.03.26 00:00:00,6.36228,6.36228,6.36228,6.36228,0
2012.03.27 00:00:00,6.36228,6.36228,6.36228,6.36228,0
2012.03.28 00:00:00,6.36228,6.36228,6.36228,6.36228,0
2012.03.29 00:00:00,6.36228,6.36228,6.36228,6.36228,0
2012.03.30 00:00:00,6.36228,6.36228,6.36228,6.36228,0
2012.03.31 00:00:00,6.36228,6.36228,6.36228,6.36228,0
2012.04.01 00:00:00,6.36228,6.36228,6.36228,6.36228,0
2012.04.02 00:00:00,6.36228,6.36228,6.36228,6.36228,0
2012.04.03 00:00:00,6.36228,6.36228,6.36228,6.36228,0
2012.04.04 00:00:00,6.36228,6.36228,6.36228,6.36228,0
2012.04.05 00:00:00,6.36228,6.36228,6.36228,6.36228,0
2012.04.06 00:00:00,6.36228,6.36228,6.36228,6.36228,0
2012.04.07 00:00:00,6.36228,6.36228,6.36228,6.36228,0
2012.04.08 00:00:00,6.36228,6.36228,6.36228,6.36228,0
2012.04.09 00:00:00,6.36228,6.36228,6.36228,6.36228,0
2012.04.10 00:00:00,6.36228,6.36228,6.36228,6.36228,0
2012.04.11 00:00:00,6.36228,6.36228,6.36228,6.36228,0
2012.04.12 00:00:00,6.36228,6.36228,6.36228,6.36228,0
2012.04.13 00:00:00,6.36228,6.36228,6.36228,6.36228,0
2012.04.14 00:00:00,6.36228,6.36228,6.36228,6.36228,0
2012.04.15 00:00:00,6.36228,6.36228,6.36228,6.36228,0
2012.04.16 00:00:00,6.36228,6.36228,6.36228,6.36228,0
2012.04.17 00:00:00,6.36228,6.36228,6.36228,6.36228,0
2012.04.18 00:00:00,6.36228,6.36228,6.36228,6.36228,0
2012.04.19 00:00:00,6.36228,6.36228,6.36228,6.36228,0
2012.04.20 00:00:00,6.36228,6.36228,6.36228,6.36228,0
2012.04.21 00:00:00,6.36228,6.36228,6.36228,6.36228,0
2012.04.22 00:00:00,6.36228,6.36228,6.36228,6.36228,0
2012.04.23 00:00:00,6.36228,6.36228,6.36228,6.36228,0
2012.04.24 00:00:00,6.36228,6.36228,6.36228,6.36228,0
2012.04.25 00:00:00,6.36228,6.36228,6.36228,6.36228,0
2012.04.26 00:00:00,6.36228,6.36228,6.36228,6.36228,0
2012.04.27 00:00:00,6.36228,6.36228,6.36228,6.36228,0
2012.04.28 00:00:00,6.36228,6.36228,6.36228,6.36228,0
2012.04.29 00:00:00,6.36228,6.36228,6.36228,6.36228,0
2012.04.30 00:00:00,6.36228,6.36228,6.36228,6.36228,0
2012.05.01 00:00:00,6.36228,6.36228,6.36228,6.36228,0
2012.05.02 00:00:00,6.36228,6.36228,6.36228,6.36228,0
2012.05.03 00:00:00,6.36228,6.36228,6.36228,6.36228,0
2012.05.04 00:00:00,6.36228,6.36228,6.36228,6.36228,0
2012.05.05 00:00:00,6.36228,6.36228,6.36228,6.36228,0
2012.05.06 00:00:00,6.36228,6.36228,6.36228,6.36228,0
2012.05.07 00:00:00,6.36228,6.36228,6.36228,6.36228,0
2012.05.08 00:00:00,6.36228,6.36228,6.36228,6.36228,0
2012.05.09 00:00:00,6.36228,6.36228,6.36228,6.36228,0
2012.05.10 00:00:00,6.36228,6.36228,6.36228,6.36228,0
2012.05.11 00:00:00,6.36228,6.36228,6.36228,6.36228,0
2012.05.12 00:00:00,6.36228,6.36228,6.36228,6.36228,0
2012.05.13 00:00:00,6.36228,6.36228,6.36228,6.36228,0
2012.05.14 00:00:00,6.36228,6.36228,6.36228,6.36228,0
2012.05.15 00:00:00,6.36228,6.36228,6.36228,6.36228,0
2012.05.16 00:00:00,6.36228,6.36228,6.36228,6.36228,0
2012.05.17 00:00:00,6.36228,6.36228,6.36228,6.36228,0
2012.05.18 00:00:00,6.36228,6.36228,6.36228,6.36228,0
2012.05.19 00:00:00,6.36228,6.36228,6.36228,6.36228,0
2012.05.20 00:00:00,6.36228,6.36228,6.36228,6.36228,0
2012.05.21 00:00:00,6.36228,6.36228,6.36228,6.36228,0
2012.05.22 00:00:00,6.36228,6.36228,6.36228,6.36228,0
2012.05.23 00:00:00,6.36228,6.36228,6.36228,6.36228,0
2012.05.24 00:00:00,6.36228,6.36228,6.36228,6.36228,0
2012.05.25 00:00:00,6.36228,6.36228,6.36228,6.36228,0
2012.05.26 00:00:00,6.36228,6.36228,6.36228,6.36228,0
2012.05.27 00:00:00,6.36228,6.36228,6.36228,6.36228,0
2012.05.28 00:00:00,6.36228,6.36228,6.36228,6.36228,0
2012.05.29 00:00:00,6.36228,6.36228,6.36228,6.36228,0
2012.05.30 00:00:00,6.36228,6.36228,6.36228,6.36228,0
2012.05.31 00:00:00,6.36228,6.36228,6.36228,6.36228,0
2012.06.01 00:00:00,6.36228,6.36228,6.36228,6.36228,0
2012.06.02 00:00:00,6.36228,6.36228,6.36228,6.36228,0
2012.06.03 00:00:00,6.36228,6.36228,6.36228,6.36228,0
2012.06.04 00:00:00,6.36228,6.36228,6.36228,6.36228,0
2012.06.05 00:00:00,6.36228,6.36228,6.36228,6.36228,0
2012.06.06 00:00:00,6.36228,6.36228,6.36228,6.36228,0
2012.06.07 00:00:00,6.36228,6.36228,6.36228,6.36228,0
2012.06.08 00:00:00,6.36228,6.36228,6.36228,6.36228,0
2012.06.09 00:00:00,6.36228,6.36228,6.36228,6.36228,0
2012.06.10 00:00:00,6.36228,6.36228,6.36228,6.36228,0
2012.06.11 00:00:00,6.36228,6.36228,6.36228,6.36228,0
2012.06.12 00:00:00,6.36228,6.36228,6.36228,6.36228,0
2012.06.13 00:00:00,6.36228,6.36228,6.36228,6.36228,0
2012.06.14 00:00:00,6.36228,6.36228,6.36228,6.36228,0
2012.06.15 00:00:00,6.36228,6.36228,6.36228,6.36228,0
2012.06.16 00:00:00,6.36228,6.36228,6.36228,6.36228,0
2012.06.17 00:00:00,6.36228,6.36228,6.36228,6.36228,0
2012.06.18 00:00:00,6.36228,6.36228,6.36228,6.36228,0
2012.06.19 00:00:00,6.36228,6.36228,6.36228,6.36228,0
2012.06.20 00:00:00,6.36228,6.36228,6.36228,6.36228,0
2012.06.21 00:00:00,6.36228,6.36228,6.36228,6.36228,0
2012.06.22 00:00:00,6.36228,6.36228,6.36228,6.36228,0
2012.06.23 00:00:00,6.36228,6.36228,6.36228,6.36228,0
2012.06.24 00:00:00,6.36228,6.36228,6.36228,6.36228,0
2012.06.25 00:00:00,6.36228,6.36228,6.36228,6.36228,0
2012.06.26 00:00:00,6.36228,6.36228,6.36228,6.36228,0
2012.06.27 00:00:00,6.36228,6.36338,6.34654,6.36042,43.95
2012.06.28 00:00:00,6.35956,6.36239,6.34911,6.3531,44.4
2012.06.29 00:00:00,6.35756,6.36033,6.35023,6.3508,44.35
2012.06.30 00:00:00,6.3508,6.3508,6.3508,6.3508,0
2012.07.01 00:00:00,6.35026,6.35135,6.34609,6.34906,44.71
2012.07.02 00:00:00,6.35321,6.35326,6.34244,6.34818,44.78
2012.07.03 00:00:00,6.34969,6.35293,6.34444,6.34552,44.47
2012.07.04 00:00:00,6.34711,6.35753,6.34177,6.35415,45.26
2012.07.05 00:00:00,6.34782,6.36924,6.34614,6.36542,44.7
2012.07.06 00:00:00,6.35783,6.36967,6.35465,6.36883,45.26
2012.07.07 00:00:00,6.36883,6.36883,6.36883,6.36883,0
2012.07.08 00:00:00,6.36936,6.36996,6.3669,6.3669,44.6
2012.07.09 00:00:00,6.37436,6.37436,6.35527,6.36282,44.14
2012.07.10 00:00:00,6.36611,6.36655,6.36043,6.36264,44.27
2012.07.11 00:00:00,6.36318,6.3713,6.35999,6.36865,44.28
2012.07.12 00:00:00,6.36451,6.37284,6.36288,6.36909,44.51
2012.07.13 00:00:00,6.37084,6.37631,6.36562,6.36853,44.15
2012.07.14 00:00:00,6.36853,6.36853,6.36853,6.36853,0
2012.07.15 00:00:00,6.36908,6.37342,6.3683,6.37284,44.99
2012.07.16 00:00:00,6.36333,6.37825,6.36305,6.37193,44.35
2012.07.17 00:00:00,6.37247,6.37578,6.36816,6.36942,44.72
2012.07.18 00:00:00,6.37034,6.3724,6.36694,6.36805,44.63
2012.07.19 00:00:00,6.36762,6.37039,6.3665,6.3688,44.24
2012.07.20 00:00:00,6.36827,6.37255,6.36762,6.36885,45.19
2012.07.21 00:00:00,6.36885,6.36885,6.36885,6.36885,0
2012.07.22 00:00:00,6.36828,6.38401,6.36798,6.38312,44.56
2012.07.23 00:00:00,6.37071,6.38634,6.36868,6.38544,43.91
2012.07.24 00:00:00,6.38386,6.38916,6.38328,6.38369,44.61
2012.07.25 00:00:00,6.38585,6.39142,6.3717,6.37536,44.17
2012.07.26 00:00:00,6.38195,6.38579,6.37375,6.37819,44.27
2012.07.27 00:00:00,6.37433,6.38414,6.3732,6.38014,43.96
2012.07.28 00:00:00,6.38014,6.38014,6.38014,6.38014,0
2012.07.29 00:00:00,6.38066,6.382,6.3781,6.3805,44.44
2012.07.30 00:00:00,6.38091,6.38249,6.37053,6.37585,44.66
2012.07.31 00:00:00,6.37948,6.38275,6.37067,6.3745,44.55
2012.08.01 00:00:00,6.37289,6.38296,6.37188,6.38143,44.81
2012.08.02 00:00:00,6.37702,6.38567,6.37421,6.37676,44.93
2012.08.03 00:00:00,6.38024,6.38228,6.37296,6.37484,44.46
2012.08.04 00:00:00,6.37484,6.37484,6.37484,6.37484,0
2012.08.05 00:00:00,6.37427,6.37569,6.37182,6.3727,45.16
2012.08.06 00:00:00,6.37546,6.37641,6.36737,6.36945,45.92
2012.08.07 00:00:00,6.37308,6.37481,6.36602,6.36703,44.87
2012.08.08 00:00:00,6.36843,6.3718,6.36372,6.36551,45.14
2012.08.09 00:00:00,6.36801,6.36962,6.35152,6.36277,45.75
2012.08.10 00:00:00,6.36468,6.36795,6.36172,6.36209,45.31
2012.08.11 00:00:00,6.36209,6.36209,6.36209,6.36209,0
2012.08.12 00:00:00,6.36268,6.36343,6.3609,6.36181,45.46
2012.08.13 00:00:00,6.36269,6.36505,6.36062,6.36172,45.99
2012.08.14 00:00:00,6.36157,6.3682,6.36104,6.36619,45.32
2012.08.15 00:00:00,6.36218,6.37043,6.36145,6.36671,45.6
2012.08.16 00:00:00,6.36689,6.37193,6.36234,6.36366,46.15
2012.08.17 00:00:00,6.36498,6.3653,6.35983,6.36288,45.46
2012.08.18 00:00:00,6.36288,6.36288,6.36288,6.36288,0
2012.08.19 00:00:00,6.36236,6.36359,6.3599,6.36133,45.34
2012.08.20 00:00:00,6.36382,6.36472,6.34989,6.35417,45.58
2012.08.21 00:00:00,6.36015,6.36178,6.35171,6.35207,45.76
2012.08.22 00:00:00,6.35264,6.35804,6.35148,6.35148,45.78
2012.08.23 00:00:00,6.35176,6.35772,6.35144,6.35596,45.78
2012.08.24 00:00:00,6.35381,6.36079,6.35282,6.35723,46.12
2012.08.25 00:00:00,6.35723,6.35723,6.35723,6.35723,0
2012.08.26 00:00:00,6.35775,6.3599,6.35684,6.3597,45.75
2012.08.27 00:00:00,6.35634,6.3613,6.35609,6.3581,45.48
2012.08.28 00:00:00,6.36029,6.36272,6.35398,6.35489,45.52
2012.08.29 00:00:00,6.35696,6.35837,6.35201,6.35313,46.07
2012.08.30 00:00:00,6.35494,6.35748,6.3478,6.34905,46.27
2012.08.31 00:00:00,6.35235,6.35443,6.3474,6.34781,45.32
2012.09.01 00:00:00,6.34781,6.34781,6.34781,6.34781,0
2012.09.02 00:00:00,6.34837,6.34935,6.34244,6.34285,46.07
2012.09.03 00:00:00,6.3481,6.35218,6.3426,6.3445,45.89
2012.09.04 00:00:00,6.34312,6.3496,6.34087,6.3453,45.94
2012.09.05 00:00:00,6.34487,6.35249,6.34264,6.34402,46.89
2012.09.06 00:00:00,6.3452,6.34756,6.33705,6.339,46.87
2012.09.07 00:00:00,6.34153,6.34406,6.33713,6.33771,46.37
2012.09.08 00:00:00,6.33771,6.33771,6.33771,6.33771,0
2012.09.09 00:00:00,6.33714,6.3419,6.33689,6.34031,46.88
2012.09.10 00:00:00,6.33499,6.3423,6.33449,6.33606,46.77
2012.09.11 00:00:00,6.33941,6.34366,6.32633,6.32827,46.87
2012.09.12 00:00:00,6.3331,6.33487,6.32112,6.32338,47.26
2012.09.13 00:00:00,6.32663,6.33329,6.31752,6.31933,47.46
2012.09.14 00:00:00,6.32397,6.32662,6.31304,6.31773,47
2012.09.15 00:00:00,6.31773,6.31773,6.31773,6.31773,0
2012.09.16 00:00:00,6.31829,6.3246,6.31758,6.3219,46.19
2012.09.17 00:00:00,6.31596,6.32927,6.31584,6.32527,46.79
2012.09.18 00:00:00,6.32223,6.32914,6.31168,6.31552,47.27
2012.09.19 00:00:00,6.32452,6.32885,6.31029,6.31096,47.33
2012.09.20 00:00:00,6.3133,6.31757,6.30743,6.31005,47.09
2012.09.21 00:00:00,6.31116,6.31408,6.30949,6.3099,46.94
2012.09.22 00:00:00,6.3099,6.3099,6.3099,6.3099,0
2012.09.23 00:00:00,6.31049,6.3132,6.308,6.3087,47.51
2012.09.24 00:00:00,6.30903,6.3149,6.30874,6.31005,47.39
2012.09.25 00:00:00,6.30923,6.31258,6.30252,6.31197,46.96
2012.09.26 00:00:00,6.31053,6.3106,6.3017,6.30864,46.95
2012.09.27 00:00:00,6.31163,6.31375,6.30213,6.3042,47.18
2012.09.28 00:00:00,6.30677,6.3077,6.29838,6.30273,47.09
2012.09.29 00:00:00,6.30273,6.30273,6.30273,6.30273,0
2012.09.30 00:00:00,6.30218,6.30351,6.2996,6.30087,47.22
2012.10.01 00:00:00,6.30003,6.30463,6.29736,6.29843,47.23
2012.10.02 00:00:00,6.30034,6.30225,6.29819,6.29915,47.05
2012.10.03 00:00:00,6.29937,6.30596,6.29845,6.29891,46.88
2012.10.04 00:00:00,6.29943,6.30438,6.28978,6.29211,47.32
2012.10.05 00:00:00,6.29761,6.30012,6.28973,6.28992,46.87
2012.10.06 00:00:00,6.28992,6.28992,6.28992,6.28992,0
2012.10.07 00:00:00,6.29046,6.29112,6.28837,6.28837,47.13
2012.10.08 00:00:00,6.29225,6.29772,6.28859,6.28889,47.2
2012.10.09 00:00:00,6.28912,6.29141,6.28539,6.28725,46.98
2012.10.10 00:00:00,6.28873,6.29167,6.27763,6.28053,47.37
2012.10.11 00:00:00,6.28493,6.28852,6.26916,6.27187,47.32
2012.10.12 00:00:00,6.27612,6.2771,6.26521,6.26973,47.41
2012.10.13 00:00:00,6.26973,6.26973,6.26973,6.26973,0
2012.10.14 00:00:00,6.26914,6.27052,6.2623,6.26435,46.74
2012.10.15 00:00:00,6.26884,6.27174,6.25635,6.25815,47.18
2012.10.16 00:00:00,6.26154,6.26958,6.24228,6.24956,47.19
2012.10.17 00:00:00,6.25377,6.25636,6.24913,6.25228,47.67
2012.10.18 00:00:00,6.24863,6.25855,6.24806,6.2534,47.04
2012.10.19 00:00:00,6.25221,6.25788,6.2514,6.2537,46.79
2012.10.20 00:00:00,6.2537,6.2537,6.2537,6.2537,0
2012.10.21 00:00:00,6.25308,6.25444,6.24751,6.24809,47.49
2012.10.22 00:00:00,6.25387,6.25463,6.24744,6.24972,47.08
2012.10.23 00:00:00,6.24873,6.25312,6.24027,6.24425,47.14
2012.10.24 00:00:00,6.25052,6.2524,6.22885,6.23172,46.77
2012.10.25 00:00:00,6.2398,6.2444,6.23185,6.23688,47.41
2012.10.26 00:00:00,6.23168,6.24396,6.22728,6.23951,46.68
2012.10.27 00:00:00,6.23951,6.23951,6.23951,6.23951,0
2012.10.28 00:00:00,6.24007,6.24401,6.2393,6.24109,47.17
2012.10.29 00:00:00,6.24098,6.24586,6.23293,6.24304,46.79
2012.10.30 00:00:00,6.24247,6.24646,6.23808,6.23808,47.08
2012.10.31 00:00:00,6.23704,6.24293,6.23704,6.24052,46.49
2012.11.01 00:00:00,6.2407,6.24186,6.23807,6.23958,46.75
2012.11.02 00:00:00,6.23984,6.24267,6.23727,6.23892,47.03
2012.11.03 00:00:00,6.23892,6.23892,6.23892,6.23892,0
2012.11.04 00:00:00,6.23837,6.2432,6.23817,6.2411,46.69
2012.11.05 00:00:00,6.2401,6.29887,6.23611,6.23837,46.71
2012.11.06 00:00:00,6.2377,6.23879,6.23232,6.23554,46.56
2012.11.07 00:00:00,6.23481,6.23707,6.23053,6.23457,47.46
2012.11.08 00:00:00,6.23343,6.23541,6.23056,6.23268,46.8
2012.11.09 00:00:00,6.23125,6.23409,6.22422,6.23112,47.61
2012.11.10 00:00:00,6.23112,6.23112,6.23112,6.23112,0
2012.11.11 00:00:00,6.23056,6.23208,6.21821,6.23158,46.53
2012.11.12 00:00:00,6.22868,6.22921,6.21315,6.2193,46.53
2012.11.13 00:00:00,6.21855,6.21935,6.20678,6.21359,46.86
2012.11.14 00:00:00,6.21271,6.22761,6.20848,6.21273,46.81
2012.11.15 00:00:00,6.21317,6.23862,6.21317,6.22663,47.09
2012.11.16 00:00:00,6.22778,6.24215,6.22651,6.23838,46.91
2012.11.17 00:00:00,6.23838,6.23838,6.23838,6.23838,0
2012.11.18 00:00:00,6.23784,6.23928,6.2278,6.237,47.64
2012.11.19 00:00:00,6.23481,6.23503,6.22721,6.22813,47.81
2012.11.20 00:00:00,6.22787,6.23273,6.22505,6.22838,46.9
2012.11.21 00:00:00,6.22891,6.23383,6.22563,6.22711,46.88
2012.11.22 00:00:00,6.22753,6.22906,6.22235,6.22388,46.94
2012.11.23 00:00:00,6.22382,6.22762,6.22189,6.2225,47.19
2012.11.24 00:00:00,6.2225,6.2225,6.2225,6.2225,0
2012.11.25 00:00:00,6.22305,6.22393,6.2205,6.22106,46.76
2012.11.26 00:00:00,6.22166,6.22576,6.21962,6.22082,46.95
2012.11.27 00:00:00,6.22034,6.22336,6.21772,6.22232,46.75
2012.11.28 00:00:00,6.22279,6.22438,6.20397,6.21919,46.58
2012.11.29 00:00:00,6.21821,6.22112,6.20463,6.20627,46.65
2012.11.30 00:00:00,6.20574,6.21351,6.20027,6.20843,46.87
2012.12.01 00:00:00,6.20843,6.20843,6.20843,6.20843,0
2012.12.02 00:00:00,6.20784,6.2095,6.2034,6.20894,47.04
2012.12.03 00:00:00,6.20765,6.21916,6.20276,6.2103,46.7
2012.12.04 00:00:00,6.21034,6.21174,6.20279,6.20351,47.08
2012.12.05 00:00:00,6.20325,6.21326,6.20202,6.21061,47.14
2012.12.06 00:00:00,6.21019,6.21196,6.20536,6.21054,47.1
2012.12.07 00:00:00,6.20988,6.20988,6.20537,6.2067,46.89
2012.12.08 00:00:00,6.2067,6.2067,6.2067,6.2067,0
2012.12.09 00:00:00,6.20609,6.2091,6.20577,6.2075,47.16
2012.12.10 00:00:00,6.20696,6.22207,6.20129,6.20721,46.84
2012.12.11 00:00:00,6.20711,6.22466,6.20697,6.22022,46.86
2012.12.12 00:00:00,6.22068,6.22623,6.21646,6.22168,47.01
2012.12.13 00:00:00,6.22331,6.22618,6.21134,6.21687,47.12
2012.12.14 00:00:00,6.21726,6.22965,6.21137,6.21151,46.6
2012.12.15 00:00:00,6.21151,6.21151,6.21151,6.21151,0
2012.12.16 00:00:00,6.21209,6.2145,6.2091,6.21346,46.57
2012.12.17 00:00:00,6.21265,6.21864,6.20255,6.2094,46.96
2012.12.18 00:00:00,6.20903,6.21722,6.20135,6.20484,46.95
2012.12.19 00:00:00,6.20458,6.21196,6.19965,6.20438,46.94
2012.12.20 00:00:00,6.20371,6.21943,6.20331,6.21113,46.79
2012.12.21 00:00:00,6.21269,6.22373,6.21269,6.21911,47.2
2012.12.22 00:00:00,6.21911,6.21911,6.21911,6.21911,0
2012.12.23 00:00:00,6.21859,6.2212,6.21837,6.2212,46.36
2012.12.24 00:00:00,6.22111,6.22597,6.22014,6.2208,46.99
2012.12.25 00:00:00,6.22018,6.22815,6.21997,6.2208,46.39
2012.12.26 00:00:00,6.22018,6.2297,6.21713,6.22608,47.4
2012.12.27 00:00:00,6.22526,6.23129,6.21799,6.22644,47.11
2012.12.28 00:00:00,6.22643,6.22692,6.21425,6.22263,46.88
2012.12.29 00:00:00,6.22263,6.22263,6.22263,6.22263,0
2012.12.30 00:00:00,6.22216,6.22331,6.2174,6.2178,47.1
2012.12.31 00:00:00,6.21776,6.22208,6.21705,6.2206,47.08
2013.01.01 00:00:00,6.22118,6.22195,6.20124,6.2164,47
2013.01.02 00:00:00,6.21501,6.21501,6.20004,6.20318,46.91
2013.01.03 00:00:00,6.20456,6.21229,6.20174,6.21085,47.58
2013.01.04 00:00:00,6.21039,6.22118,6.20631,6.20653,46.77
2013.01.05 00:00:00,6.20653,6.20653,6.20653,6.20653,0
2013.01.06 00:00:00,6.20707,6.2091,6.205,6.20857,46.85
2013.01.07 00:00:00,6.20796,6.21224,6.20197,6.20544,48.03
2013.01.08 00:00:00,6.20475,6.20785,6.19635,6.20309,47.17
2013.01.09 00:00:00,6.20203,6.21481,6.18221,6.19969,47.71
2013.01.10 00:00:00,6.19908,6.20022,6.14988,6.18018,47.55
2013.01.11 00:00:00,6.1783,6.18585,6.17207,6.18072,46.92
2013.01.12 00:00:00,6.18072,6.18072,6.18072,6.18072,0
2013.01.13 00:00:00,6.18019,6.1815,6.1763,6.1763,46.65
2013.01.14 00:00:00,6.17479,6.18976,6.17476,6.18125,47.4
2013.01.15 00:00:00,6.18076,6.19042,6.17938,6.19041,48.02
2013.01.16 00:00:00,6.191,6.19217,6.18051,6.18451,47.69
2013.01.17 00:00:00,6.1843,6.18864,6.18055,6.18258,46.67
2013.01.18 00:00:00,6.18258,6.18933,6.18154,6.18753,46.74
2013.01.19 00:00:00,6.18753,6.18753,6.18753,6.18753,0
2013.01.20 00:00:00,6.18706,6.19231,6.18678,6.18915,47.28
2013.01.21 00:00:00,6.18952,6.19494,6.1872,6.19308,46.9
2013.01.22 00:00:00,6.194,6.19837,6.19007,6.19426,46.6
2013.01.23 00:00:00,6.19419,6.2033,6.19395,6.20195,47.17
2013.01.24 00:00:00,6.20223,6.2207,6.2002,6.20343,47.18
2013.01.25 00:00:00,6.20453,6.22483,6.20453,6.22029,46.97
2013.01.26 00:00:00,6.22029,6.22029,6.22029,6.22029,0
2013.01.27 00:00:00,6.21967,6.2317,6.2187,6.2203,46.67
2013.01.28 00:00:00,6.21996,6.23312,6.21555,6.22552,47.53
2013.01.29 00:00:00,6.22538,6.22985,6.2045,6.21384,47.19
2013.01.30 00:00:00,6.21404,6.22949,6.20689,6.20909,47.22
2013.01.31 00:00:00,6.20993,6.21329,6.20574,6.20574,47.67
2013.02.01 00:00:00,6.20658,6.21604,6.20632,6.20673,47.56
2013.02.02 00:00:00,6.20673,6.20673,6.20673,6.20673,0
2013.02.03 00:00:00,6.20729,6.2153,6.20647,6.2074,47.22
2013.02.04 00:00:00,6.20797,6.21737,6.20797,6.21737,47.42
2013.02.05 00:00:00,6.21674,6.2171,6.21054,6.21099,47.72
2013.02.06 00:00:00,6.21093,6.22322,6.21077,6.21926,47.96
2013.02.07 00:00:00,6.2191,6.22365,6.21574,6.2225,47.65
2013.02.08 00:00:00,6.22209,6.22532,6.21578,6.21621,46.78
2013.02.09 00:00:00,6.21621,6.21621,6.21621,6.21621,0
2013.02.10 00:00:00,6.21567,6.22017,6.21452,6.22004,47.02
2013.02.11 00:00:00,6.2193,6.22148,6.21461,6.21461,47.48
2013.02.12 00:00:00,6.21408,6.22376,6.21408,6.21757,47.35
2013.02.13 00:00:00,6.21695,6.22038,6.21629,6.21629,47.46
2013.02.14 00:00:00,6.21541,6.21961,6.21536,6.21777,47.3
2013.02.15 00:00:00,6.21726,6.21884,6.21446,6.21862,47.21
2013.02.16 00:00:00,6.21862,6.21862,6.21862,6.21862,0
2013.02.17 00:00:00,6.21805,6.22962,6.2172,6.2186,47.73
2013.02.18 00:00:00,6.22107,6.23521,6.22087,6.22806,47.43
2013.02.19 00:00:00,6.22919,6.23904,6.22919,6.23431,47.4
2013.02.20 00:00:00,6.23482,6.2392,6.23127,6.23643,47.1
2013.02.21 00:00:00,6.23698,6.24195,6.23134,6.23949,47.25
2013.02.22 00:00:00,6.24022,6.24024,6.23107,6.23149,47.26
2013.02.23 00:00:00,6.23149,6.23149,6.23149,6.23149,0
2013.02.24 00:00:00,6.23206,6.2329,6.22799,6.2326,47.61
2013.02.25 00:00:00,6.23389,6.23397,6.22286,6.2301,46.87
2013.02.26 00:00:00,6.22953,6.22953,6.21906,6.22378,47.1
2013.02.27 00:00:00,6.22299,6.22314,6.21761,6.21908,46.88
2013.02.28 00:00:00,6.21853,6.21947,6.21569,6.21843,47.12
2013.03.01 00:00:00,6.2175,6.21944,6.21248,6.21831,47.17
2013.03.02 00:00:00,6.21831,6.21831,6.21831,6.21831,0
2013.03.03 00:00:00,6.21769,6.22216,6.21754,6.21964,47.05
2013.03.04 00:00:00,6.22006,6.2237,6.21254,6.21972,47.14
2013.03.05 00:00:00,6.21844,6.21908,6.20605,6.21037,47.19
2013.03.06 00:00:00,6.20932,6.21083,6.19859,6.20918,46.54
2013.03.07 00:00:00,6.20861,6.21074,6.19916,6.20057,46.5
2013.03.08 00:00:00,6.19949,6.20474,6.19889,6.20241,46.5
2013.03.09 00:00:00,6.20241,6.20241,6.20241,6.20241,0
2013.03.10 00:00:00,6.20184,6.2055,6.1997,6.2055,46.42
2013.03.11 00:00:00,6.20496,6.20641,6.19996,6.20158,46.88
2013.03.12 00:00:00,6.20103,6.20943,6.19412,6.20419,47.52
2013.03.13 00:00:00,6.20366,6.20996,6.19759,6.20722,47.58
2013.03.14 00:00:00,6.20663,6.21271,6.19842,6.20628,46.95
2013.03.15 00:00:00,6.20538,6.20815,6.19802,6.19912,47.18
2013.03.16 00:00:00,6.19912,6.19912,6.19912,6.19912,0
2013.03.17 00:00:00,6.19849,6.206,6.19832,6.2059,47.25
2013.03.18 00:00:00,6.20663,6.20979,6.20274,6.20274,46.66
2013.03.19 00:00:00,6.20311,6.21546,6.20116,6.20914,47.11
2013.03.20 00:00:00,6.20892,6.21179,6.20186,6.20235,46.74
2013.03.21 00:00:00,6.20329,6.20493,6.19916,6.20149,46.33
2013.03.22 00:00:00,6.20184,6.20484,6.19912,6.19933,46.7
2013.03.23 00:00:00,6.19933,6.19933,6.19933,6.19933,0
2013.03.24 00:00:00,6.19987,6.20132,6.1976,6.1976,47.92
2013.03.25 00:00:00,6.1988,6.20333,6.19878,6.20192,47.68
2013.03.26 00:00:00,6.20235,6.2078,6.20012,6.20086,46.83
2013.03.27 00:00:00,6.20186,6.21031,6.20186,6.20667,47.1
2013.03.28 00:00:00,6.20723,6.2098,6.2011,6.20389,46.78
2013.03.29 00:00:00,6.20446,6.20446,6.20109,6.20132,46.94
2013.03.30 00:00:00,6.20132,6.20132,6.20132,6.20132,0
2013.03.31 00:00:00,6.20179,6.20261,6.19804,6.19823,46.42
2013.04.01 00:00:00,6.20245,6.20278,6.18998,6.19322,47.47
2013.04.02 00:00:00,6.19687,6.19874,6.1897,6.19214,47.13
2013.04.03 00:00:00,6.19155,6.19705,6.19054,6.19539,47.12
2013.04.04 00:00:00,6.1922,6.20244,6.19142,6.19564,48.04
2013.04.05 00:00:00,6.1959,6.19913,6.1945,6.19541,47.4
2013.04.06 00:00:00,6.19541,6.19541,6.19541,6.19541,0
2013.04.07 00:00:00,6.19486,6.19613,6.19426,6.19519,47.35
2013.04.08 00:00:00,6.19631,6.20552,6.18625,6.18893,47.17
2013.04.09 00:00:00,6.19346,6.19726,6.183,6.18389,47.62
2013.04.10 00:00:00,6.18632,6.18814,6.18062,6.18156,47.38
2013.04.11 00:00:00,6.18298,6.18814,6.18072,6.18191,47.37
2013.04.12 00:00:00,6.18197,6.18636,6.18102,6.18214,46.9
2013.04.13 00:00:00,6.18214,6.18214,6.18214,6.18214,0
2013.04.14 00:00:00,6.18265,6.1922,6.18198,6.19199,46.32
2013.04.15 00:00:00,6.1827,6.1927,6.18014,6.18389,46.61
2013.04.16 00:00:00,6.19036,6.19153,6.17437,6.17639,47.01
2013.04.17 00:00:00,6.18045,6.18103,6.17247,6.17315,47.18
2013.04.18 00:00:00,6.17506,6.17893,6.17056,6.17547,46.02
2013.04.19 00:00:00,6.17385,6.17703,6.17115,6.17643,46.33
2013.04.20 00:00:00,6.17643,6.17643,6.17643,6.17643,0
2013.04.21 00:00:00,6.17697,6.17775,6.1759,6.1759,46.11
2013.04.22 00:00:00,6.17696,6.18029,6.17425,6.17579,46.69
2013.04.23 00:00:00,6.17621,6.17859,6.16785,6.1699,46.12
2013.04.24 00:00:00,6.1749,6.17629,6.16345,6.16486,47.38
2013.04.25 00:00:00,6.16811,6.16916,6.1628,6.16304,46.01
2013.04.26 00:00:00,6.16402,6.16582,6.15977,6.16283,46.66
2013.04.27 00:00:00,6.16283,6.16283,6.16283,6.16283,0
2013.04.28 00:00:00,6.16338,6.1642,6.1573,6.15786,46.84
2013.04.29 00:00:00,6.16274,6.16343,6.15745,6.15958,46.78
2013.04.30 00:00:00,6.15793,6.1631,6.15634,6.15902,46.83
2013.05.01 00:00:00,6.15928,6.16103,6.15513,6.15623,46.67
2013.05.02 00:00:00,6.15722,6.15846,6.14965,6.15158,46.51
2013.05.03 00:00:00,6.15411,6.15776,6.14963,6.15012,47.34
2013.05.04 00:00:00,6.15012,6.15012,6.15012,6.15012,0
2013.05.05 00:00:00,6.14965,6.17484,6.14942,6.17373,46.85
2013.05.06 00:00:00,6.14895,6.188,6.14834,6.15869,46.85
2013.05.07 00:00:00,6.1702,6.1749,6.13169,6.13778,47.29
2013.05.08 00:00:00,6.14905,6.15179,6.13288,6.13806,47.22
2013.05.09 00:00:00,6.13426,6.14906,6.13107,6.14648,46.55
2013.05.10 00:00:00,6.14095,6.15375,6.13327,6.1487,47.02
2013.05.11 00:00:00,6.1487,6.1487,6.1487,6.1487,0
2013.05.12 00:00:00,6.14816,6.1494,6.1389,6.14082,47.18
2013.05.13 00:00:00,6.1476,6.14886,6.13448,6.14137,47.47
2013.05.14 00:00:00,6.14116,6.14174,6.13574,6.1409,47.02
2013.05.15 00:00:00,6.14237,6.1451,6.13959,6.14106,47.57
2013.05.16 00:00:00,6.14096,6.14722,6.13801,6.14139,46.95
2013.05.17 00:00:00,6.14246,6.14572,6.13686,6.14121,47
2013.05.18 00:00:00,6.14121,6.14121,6.14121,6.14121,0
2013.05.19 00:00:00,6.14175,6.14244,6.1289,6.12986,47.43
2013.05.20 00:00:00,6.14174,6.14178,6.12836,6.12843,47.14
2013.05.21 00:00:00,6.12777,6.13547,6.12293,6.13053,47.13
2013.05.22 00:00:00,6.12754,6.13263,6.12375,6.12735,46.65
2013.05.23 00:00:00,6.13059,6.13619,6.11979,6.12151,46.76
2013.05.24 00:00:00,6.12382,6.12598,6.11828,6.12039,46.52
2013.05.25 00:00:00,6.12039,6.12039,6.12039,6.12039,0
2013.05.26 00:00:00,6.11978,6.12105,6.1101,6.11318,47
2013.05.27 00:00:00,6.1199,6.12003,6.11159,6.11832,46.74
2013.05.28 00:00:00,6.11407,6.13024,6.11338,6.1263,46.18
2013.05.29 00:00:00,6.12081,6.13493,6.11923,6.13031,46.86
2013.05.30 00:00:00,6.12819,6.14625,6.12574,6.14213,46.94
2013.05.31 00:00:00,6.13334,6.15213,6.1283,6.14581,46.62
2013.06.01 00:00:00,6.14581,6.14581,6.14581,6.14581,0
2013.06.02 00:00:00,6.14536,6.14653,6.12383,6.12448,47.05
2013.06.03 00:00:00,6.14521,6.15337,6.12352,6.12525,46.17
2013.06.04 00:00:00,6.12444,6.13162,6.12261,6.12747,46.84
2013.06.05 00:00:00,6.12755,6.12786,6.12346,6.12497,46.25
2013.06.06 00:00:00,6.12726,6.13506,6.12339,6.13202,46.61
2013.06.07 00:00:00,6.12702,6.14241,6.12358,6.13451,46.16
2013.06.08 00:00:00,6.13451,6.13451,6.13451,6.13451,0
2013.06.09 00:00:00,6.13506,6.1458,6.13429,6.1436,46.45
2013.06.10 00:00:00,6.13718,6.14756,6.13718,6.14127,47.37
2013.06.11 00:00:00,6.14248,6.14913,6.13677,6.13922,46.36
2013.06.12 00:00:00,6.13895,6.14275,6.13566,6.13714,46.92
2013.06.13 00:00:00,6.13803,6.15009,6.13093,6.13284,46.17
2013.06.14 00:00:00,6.13529,6.13597,6.12918,6.13145,46.86
2013.06.15 00:00:00,6.13145,6.13145,6.13145,6.13145,0
2013.06.16 00:00:00,6.13087,6.13259,6.1269,6.12827,46.46
2013.06.17 00:00:00,6.13053,6.13323,6.12439,6.13147,45.69
2013.06.18 00:00:00,6.12845,6.13503,6.12616,6.13241,46.6
2013.06.19 00:00:00,6.13171,6.13331,6.11909,6.12991,45.68
2013.06.20 00:00:00,6.13045,6.13343,6.12285,6.12884,46.83
2013.06.21 00:00:00,6.12842,6.13204,6.12687,6.12881,46.67
2013.06.22 00:00:00,6.12881,6.12881,6.12881,6.12881,0
2013.06.23 00:00:00,6.12818,6.1382,6.12801,6.1369,47.06
2013.06.24 00:00:00,6.12998,6.14238,6.12998,6.13772,45.49
2013.06.25 00:00:00,6.13728,6.14598,6.13633,6.14381,46.51
2013.06.26 00:00:00,6.14026,6.14952,6.138,6.14322,45.68
2013.06.27 00:00:00,6.14549,6.14661,6.13345,6.1358,45.82
2013.06.28 00:00:00,6.1412,6.14349,6.13057,6.13362,46.01
2013.06.29 00:00:00,6.13362,6.13362,6.13362,6.13362,0
2013.06.30 00:00:00,6.13414,6.13506,6.12763,6.12811,46.37
2013.07.01 00:00:00,6.13321,6.13452,6.12782,6.12907,45.87
2013.07.02 00:00:00,6.1276,6.13088,6.12523,6.12788,45.95
2013.07.03 00:00:00,6.1291,6.13276,6.12584,6.12662,46.55
2013.07.04 00:00:00,6.12632,6.13482,6.12524,6.13261,45.9
2013.07.05 00:00:00,6.128,6.13601,6.12666,6.13455,45.96
2013.07.06 00:00:00,6.13455,6.13455,6.13455,6.13455,0
2013.07.07 00:00:00,6.13397,6.1353,6.1331,6.13357,45.81
2013.07.08 00:00:00,6.13577,6.1409,6.13158,6.13484,46.46
2013.07.09 00:00:00,6.1337,6.13768,6.1305,6.13171,45.98
2013.07.10 00:00:00,6.13422,6.13832,6.13249,6.13249,46.02
2013.07.11 00:00:00,6.13034,6.13832,6.12846,6.13676,45.89
2013.07.12 00:00:00,6.13379,6.14224,6.13272,6.13801,46.37
2013.07.13 00:00:00,6.13801,6.13801,6.13801,6.13801,0
2013.07.14 00:00:00,6.13745,6.13877,6.135,6.13749,45.7
2013.07.15 00:00:00,6.13734,6.13998,6.12991,6.1335,45.57
2013.07.16 00:00:00,6.13546,6.13705,6.13214,6.13401,45.37
2013.07.17 00:00:00,6.13172,6.13914,6.13066,6.13739,45.96
2013.07.18 00:00:00,6.13533,6.14026,6.13066,6.13475,46.01
2013.07.19 00:00:00,6.13692,6.14049,6.13147,6.13352,45.98
2013.07.20 00:00:00,6.13352,6.13352,6.13352,6.13352,0
2013.07.21 00:00:00,6.13294,6.13407,6.1313,6.13187,45.52
2013.07.22 00:00:00,6.13226,6.13619,6.13005,6.13134,46.18
2013.07.23 00:00:00,6.13249,6.1348,6.13099,6.13311,45.93
2013.07.24 00:00:00,6.13231,6.13419,6.13143,6.13229,45.92
2013.07.25 00:00:00,6.13384,6.13647,6.1307,6.13115,45.87
2013.07.26 00:00:00,6.13215,6.1343,6.13084,6.13103,46.58
2013.07.27 00:00:00,6.13103,6.13103,6.13103,6.13103,0
2013.07.28 00:00:00,6.13155,6.13262,6.1308,6.13229,46.38
2013.07.29 00:00:00,6.13128,6.13389,6.13076,6.13195,45.84
2013.07.30 00:00:00,6.13278,6.1353,6.12889,6.1302,45.82
2013.07.31 00:00:00,6.13194,6.13317,6.12854,6.12982,45.99
2013.08.01 00:00:00,6.13007,6.13154,6.12186,6.1241,46.27
2013.08.02 00:00:00,6.12905,6.13096,6.12185,6.12209,46.14
2013.08.03 00:00:00,6.12209,6.12209,6.12209,6.12209,0
2013.08.04 00:00:00,6.12264,6.1275,6.1183,6.11844,46.28
2013.08.05 00:00:00,6.12274,6.1243,6.11606,6.11666,45.26
2013.08.06 00:00:00,6.11707,6.12118,6.11426,6.11526,45.93
2013.08.07 00:00:00,6.11527,6.14052,6.10902,6.1118,45.85
2013.08.08 00:00:00,6.11373,6.12729,6.10955,6.11415,46
2013.08.09 00:00:00,6.11127,6.11736,6.10956,6.11521,45.8
2013.08.10 00:00:00,6.11521,6.11521,6.11521,6.11521,0
2013.08.11 00:00:00,6.11476,6.1168,6.10563,6.1168,46.55
2013.08.12 00:00:00,6.11526,6.12641,6.11446,6.11614,45.74
2013.08.13 00:00:00,6.11706,6.12723,6.10912,6.11135,45.77
2013.08.14 00:00:00,6.11599,6.11808,6.10427,6.10684,45.79
2013.08.15 00:00:00,6.10909,6.11216,6.10517,6.10551,45.87
2013.08.16 00:00:00,6.10635,6.1075,6.10447,6.10539,45.87
2013.08.17 00:00:00,6.10539,6.10539,6.10539,6.10539,0
2013.08.18 00:00:00,6.10596,6.11411,6.1052,6.1134,45.28
2013.08.19 00:00:00,6.10695,6.11527,6.10622,6.11205,45.63
2013.08.20 00:00:00,6.11444,6.11757,6.11009,6.11405,45.93
2013.08.21 00:00:00,6.11215,6.11701,6.11094,6.11343,46.12
2013.08.22 00:00:00,6.11594,6.11766,6.10653,6.1083,44.97
2013.08.23 00:00:00,6.11225,6.11497,6.10667,6.1068,45.57
2013.08.24 00:00:00,6.1068,6.1068,6.1068,6.1068,0
2013.08.25 00:00:00,6.10738,6.11051,6.1066,6.10968,46.15
2013.08.26 00:00:00,6.10976,6.11338,6.10863,6.11163,45.29
2013.08.27 00:00:00,6.11062,6.1143,6.11019,6.11338,45.05
2013.08.28 00:00:00,6.11314,6.11775,6.1117,6.11383,45.41
2013.08.29 00:00:00,6.11424,6.11686,6.11176,6.11232,45.79
2013.08.30 00:00:00,6.11383,6.116,6.11178,6.1119,46.15
2013.08.31 00:00:00,6.1119,6.1119,6.1119,6.1119,0
2013.09.01 00:00:00,6.11246,6.11366,6.11122,6.11138,45.89
2013.09.02 00:00:00,6.11408,6.11435,6.11055,6.11203,44.88
2013.09.03 00:00:00,6.11161,6.1132,6.10966,6.1104,45.64
2013.09.04 00:00:00,6.11106,6.11378,6.10943,6.11163,44.96
2013.09.05 00:00:00,6.10942,6.11315,6.10898,6.11074,44.85
2013.09.06 00:00:00,6.1117,6.11292,6.10908,6.11022,45.05
2013.09.07 00:00:00,6.11022,6.11022,6.11022,6.11022,0
2013.09.08 00:00:00,6.10965,6.11152,6.104,6.1055,45.5
2013.09.09 00:00:00,6.11062,6.1109,6.10349,6.10715,44.73
2013.09.10 00:00:00,6.10648,6.11044,6.10335,6.10461,45.04
2013.09.11 00:00:00,6.10762,6.11137,6.10509,6.10516,44.23
2013.09.12 00:00:00,6.10408,6.11035,6.10374,6.10874,43.9
2013.09.13 00:00:00,6.10687,6.11277,6.10592,6.10981,43.51
2013.09.14 00:00:00,6.10981,6.10981,6.10981,6.10981,0
2013.09.15 00:00:00,6.11035,6.11123,6.0949,6.10667,44.47
2013.09.16 00:00:00,6.10931,6.11001,6.10423,6.10692,44.17
2013.09.17 00:00:00,6.10742,6.11071,6.10161,6.10343,44.03
2013.09.18 00:00:00,6.10675,6.11027,6.10165,6.10496,44.55
2013.09.19 00:00:00,6.10354,6.10788,6.10166,6.10621,43.71
2013.09.20 00:00:00,6.10654,6.10961,6.10614,6.1063,44.45
2013.09.21 00:00:00,6.1063,6.1063,6.1063,6.1063,0
2013.09.22 00:00:00,6.10686,6.11016,6.10583,6.10917,44.33
2013.09.23 00:00:00,6.1075,6.11541,6.10274,6.11388,44.28
2013.09.24 00:00:00,6.1105,6.11659,6.10925,6.11492,44.14
2013.09.25 00:00:00,6.11456,6.11668,6.11167,6.11562,44.65
2013.09.26 00:00:00,6.11399,6.1171,6.11201,6.11363,44.66
2013.09.27 00:00:00,6.11542,6.11757,6.11203,6.11265,43.56
2013.09.28 00:00:00,6.11265,6.11265,6.11265,6.11265,0
2013.09.29 00:00:00,6.11215,6.11502,6.1092,6.11476,44.22
2013.09.30 00:00:00,6.11462,6.1167,6.11104,6.11197,43.37
2013.10.01 00:00:00,6.11433,6.11885,6.10729,6.10842,44.2
2013.10.02 00:00:00,6.11092,6.11305,6.10535,6.10624,44.06
2013.10.03 00:00:00,6.10786,6.10957,6.102,6.10301,43.7
2013.10.04 00:00:00,6.10535,6.10708,6.10198,6.1022,43.23
2013.10.05 00:00:00,6.1022,6.1022,6.1022,6.1022,0
2013.10.06 00:00:00,6.10276,6.1101,6.10215,6.10571,43.62
2013.10.07 00:00:00,6.10608,6.10839,6.10439,6.10726,43.39
2013.10.08 00:00:00,6.10691,6.10975,6.10604,6.10866,44.11
2013.10.09 00:00:00,6.1086,6.11154,6.09992,6.10401,43.61
2013.10.10 00:00:00,6.10829,6.113,6.10163,6.10186,43.45
2013.10.11 00:00:00,6.10278,6.10713,6.10145,6.10173,43.97
2013.10.12 00:00:00,6.10173,6.10173,6.10173,6.10173,0
2013.10.13 00:00:00,6.10229,6.10377,6.0973,6.09778,43.92
2013.10.14 00:00:00,6.10444,6.10633,6.09194,6.09464,43.16
2013.10.15 00:00:00,6.09809,6.09973,6.09238,6.09344,43.76
2013.10.16 00:00:00,6.09408,6.09759,6.08628,6.08902,44.11
2013.10.17 00:00:00,6.093,6.09656,6.08444,6.08531,43.53
2013.10.18 00:00:00,6.08735,6.08883,6.08438,6.08463,43.66
2013.10.19 00:00:00,6.08463,6.08463,6.08463,6.08463,0
2013.10.20 00:00:00,6.08518,6.08795,6.08317,6.08402,44.15
2013.10.21 00:00:00,6.0873,6.089,6.07998,6.08215,42.22
2013.10.22 00:00:00,6.08353,6.0881,6.07981,6.08088,43.76
2013.10.23 00:00:00,6.07969,6.08379,6.07363,6.07542,42.19
2013.10.24 00:00:00,6.07953,6.08431,6.0699,6.07166,43.68
2013.10.25 00:00:00,6.07335,6.07525,6.06997,6.07083,41.39
2013.10.26 00:00:00,6.07083,6.07083,6.07083,6.07083,0
2013.10.27 00:00:00,6.06998,6.0733,6.0698,6.06993,43.72
2013.10.28 00:00:00,6.07114,6.07865,6.07023,6.07351,43.15
2013.10.29 00:00:00,6.07276,6.07998,6.07276,6.07937,74.46
2013.10.30 00:00:00,6.07958,6.08407,6.07267,6.07964,415.15
2013.10.31 00:00:00,6.08108,6.09238,6.07934,6.08748,491.82
2013.11.01 00:00:00,6.08927,6.09118,6.08111,6.08133,433.76
2013.11.02 00:00:00,6.08133,6.08133,6.08133,6.08133,0
2013.11.03 00:00:00,6.08128,6.08647,6.06602,6.0847,42.26
2013.11.04 00:00:00,6.08708,6.08948,6.08243,6.08278,351.65
2013.11.05 00:00:00,6.0834,6.08687,6.08078,6.08304,187.28
2013.11.06 00:00:00,6.08423,6.08748,6.08122,6.08303,4229.98
2013.11.07 00:00:00,6.08152,6.08738,6.0776,6.083,177.6
2013.11.08 00:00:00,6.08211,6.08448,6.07446,6.07797,421.1
2013.11.09 00:00:00,6.07797,6.07797,6.07797,6.07797,0
2013.11.10 00:00:00,6.07671,6.08097,6.0738,6.0781,80.49
2013.11.11 00:00:00,6.07927,6.08008,6.07443,6.07663,369.71
2013.11.12 00:00:00,6.07748,6.07917,6.07255,6.07647,2089.12
2013.11.13 00:00:00,6.07498,6.08448,6.07189,6.07431,247.81
2013.11.14 00:00:00,6.0739,6.07857,6.07199,6.07667,229.96
2013.11.15 00:00:00,6.07429,6.07858,6.06909,6.07136,260.05
2013.11.16 00:00:00,6.07136,6.07136,6.07136,6.07136,0
2013.11.17 00:00:00,6.07147,6.0735,6.06707,6.07108,66.72
2013.11.18 00:00:00,6.06986,6.07397,6.06557,6.06702,279.33
2013.11.19 00:00:00,6.06847,6.06948,6.05597,6.05825,604.67
2013.11.20 00:00:00,6.05844,6.06818,6.05837,6.06518,534.79
2013.11.21 00:00:00,6.06698,6.07138,6.06513,6.068,369.12
2013.11.22 00:00:00,6.06998,6.07628,6.06703,6.07149,368.77
2013.11.23 00:00:00,6.07149,6.07149,6.07149,6.07149,0
2013.11.24 00:00:00,6.07067,6.0759,6.06824,6.07088,231.34
2013.11.25 00:00:00,6.07097,6.08108,6.06767,6.07516,451.13
2013.11.26 00:00:00,6.07708,6.08147,6.07484,6.07632,387.95
2013.11.27 00:00:00,6.07767,6.08578,6.07554,6.08447,400.94
2013.11.28 00:00:00,6.08447,6.08678,6.07957,6.08121,310.66
2013.11.29 00:00:00,6.08248,6.08888,6.08066,6.08175,357.57
2013.11.30 00:00:00,6.08175,6.08175,6.08175,6.08175,0
2013.12.01 00:00:00,6.08112,6.0864,6.07923,6.08126,135.13
2013.12.02 00:00:00,6.08537,6.08638,6.08059,6.08438,319.77
2013.12.03 00:00:00,6.08333,6.08708,6.07837,6.08052,361.83
2013.12.04 00:00:00,6.08247,6.08387,6.07471,6.07905,14046.53
2013.12.05 00:00:00,6.07828,6.08116,6.07333,6.07475,188.57
2013.12.06 00:00:00,6.07603,6.07728,6.06351,6.0657,573.01
2013.12.07 00:00:00,6.0657,6.0657,6.0657,6.0657,0
2013.12.08 00:00:00,6.06574,6.06798,6.05845,6.0657,132.27
2013.12.09 00:00:00,6.06747,6.06878,6.05642,6.06034,439.98
2013.12.10 00:00:00,6.06075,6.06538,6.05497,6.06318,441.64
2013.12.11 00:00:00,6.06317,6.07497,6.06075,6.07378,629.41
2013.12.12 00:00:00,6.07368,6.07887,6.0678,6.07355,562.59
2013.12.13 00:00:00,6.07477,6.07638,6.06831,6.06891,14821.21
2013.12.14 00:00:00,6.06891,6.06891,6.06891,6.06891,0
2013.12.15 00:00:00,6.0689,6.07318,6.0645,6.06955,162.05
2013.12.16 00:00:00,6.07207,6.07358,6.06492,6.06689,459.43
2013.12.17 00:00:00,6.06771,6.07268,6.0653,6.06678,319.81
2013.12.18 00:00:00,6.06725,6.07298,6.06451,6.07124,327.85
2013.12.19 00:00:00,6.07128,6.07557,6.06805,6.07007,363.58
2013.12.20 00:00:00,6.07158,6.07448,6.06394,6.06575,399.22
2013.12.21 00:00:00,6.06575,6.06575,6.06575,6.06575,0
2013.12.22 00:00:00,6.06259,6.06847,6.06056,6.0641,108.41
2013.12.23 00:00:00,6.06598,6.07097,6.06238,6.06742,293.03
2013.12.24 00:00:00,6.0685,6.07267,6.06594,6.07087,234.27
2013.12.25 00:00:00,6.06896,6.07397,6.06703,6.06866,140.39
2013.12.26 00:00:00,6.06939,6.07498,6.06845,6.07397,121.57
2013.12.27 00:00:00,6.07357,6.07458,6.0655,6.06814,407.98
2013.12.28 00:00:00,6.06814,6.06814,6.06814,6.06814,0
2013.12.29 00:00:00,6.06847,6.07168,6.0604,6.0694,74.81
2013.12.30 00:00:00,6.07088,6.07298,6.06107,6.06322,275.23
2013.12.31 00:00:00,6.06557,6.06557,6.05112,6.05292,404.38
2014.01.01 00:00:00,6.05323,6.05362,6.05018,6.05027,115.12
2014.01.02 00:00:00,6.05238,6.05238,6.04105,6.04745,480.86
2014.01.03 00:00:00,6.04957,6.05168,6.04195,6.04907,515.44
2014.01.04 00:00:00,6.04907,6.04907,6.04907,6.04907,0
2014.01.05 00:00:00,6.04606,6.04878,6.0393,6.04449,154.48
2014.01.06 00:00:00,6.04578,6.04888,6.04021,6.04198,446.89
2014.01.07 00:00:00,6.04207,6.04477,6.03389,6.03677,652.78
2014.01.08 00:00:00,6.03637,6.03858,6.02857,6.03727,603.59
2014.01.09 00:00:00,6.03757,6.04177,6.03427,6.03767,571.82
2014.01.10 00:00:00,6.03648,6.04008,6.02891,6.03077,559.17
2014.01.11 00:00:00,6.03077,6.03077,6.03077,6.03077,0
2014.01.12 00:00:00,6.03008,6.0335,6.02428,6.03098,262.98
2014.01.13 00:00:00,6.02982,6.03247,6.02125,6.02311,680.55
2014.01.14 00:00:00,6.02727,6.02747,6.01238,6.01808,937.52
2014.01.15 00:00:00,6.01732,6.02628,6.01324,6.01963,836.65
2014.01.16 00:00:00,6.01979,6.02528,6.0183,6.02268,10721.51
2014.01.17 00:00:00,6.0216,6.02378,6.01588,6.01752,622.65
2014.01.18 00:00:00,6.01752,6.01752,6.01752,6.01752,0
2014.01.19 00:00:00,6.01751,6.0258,6.01468,6.018,365.91
2014.01.20 00:00:00,6.01977,6.02438,6.01535,6.01617,541.2
2014.01.21 00:00:00,6.01778,6.03307,6.0163,6.02887,788.81
2014.01.22 00:00:00,6.03008,6.03098,6.02336,6.02748,589.13
2014.01.23 00:00:00,6.02927,6.03738,6.02461,6.03065,706.9
2014.01.24 00:00:00,6.03209,6.04427,6.0291,6.03779,683.9
2014.01.25 00:00:00,6.03779,6.03779,6.03779,6.03779,0
2014.01.26 00:00:00,6.03898,6.04177,6.0327,6.0387,315.97
2014.01.27 00:00:00,6.03842,6.04208,6.0322,6.03393,636.24
2014.01.28 00:00:00,6.03399,6.03648,6.02355,6.02432,600.47
2014.01.29 00:00:00,6.02422,6.03388,6.02422,6.02748,582.62
2014.01.30 00:00:00,6.0276,6.03807,6.02667,6.03196,516.52
2014.01.31 00:00:00,6.03377,6.03708,6.03059,6.03303,215.85
2014.02.01 00:00:00,6.03303,6.03303,6.03303,6.03303,0
2014.02.02 00:00:00,6.03305,6.03483,6.02915,6.03156,203.93
2014.02.03 00:00:00,6.03418,6.035,6.02739,6.03156,1052.85
2014.02.04 00:00:00,6.03055,6.0331,6.0228,6.02371,255.82
2014.02.05 00:00:00,6.02459,6.0282,6.02157,6.0256,221.32
2014.02.06 00:00:00,6.0259,6.02707,6.02144,6.02394,3119.57
2014.02.07 00:00:00,6.02348,6.0314,6.0143,6.02404,225.71
2014.02.08 00:00:00,6.02404,6.02404,6.02404,6.02404,0
2014.02.09 00:00:00,6.02399,6.0329,6.02234,6.02315,94.66
2014.02.10 00:00:00,6.025,6.0361,6.02333,6.0336,406.32
2014.02.11 00:00:00,6.0314,6.0382,6.02965,6.03175,314.64
2014.02.12 00:00:00,6.03285,6.0407,6.03265,6.03398,295.19
2014.02.13 00:00:00,6.0344,6.0428,6.03321,6.03816,1046.06
2014.02.14 00:00:00,6.03622,6.03988,6.02792,6.03336,4525.17
2014.02.15 00:00:00,6.03336,6.03336,6.03336,6.03336,0
2014.02.16 00:00:00,6.03162,6.03359,6.02899,6.02899,119.2
2014.02.17 00:00:00,6.03183,6.03699,6.03167,6.03526,3891.45
2014.02.18 00:00:00,6.03432,6.04917,6.0338,6.03595,7773.6
2014.02.19 00:00:00,6.03525,6.0693,6.03509,6.05014,22.09
2014.02.20 00:00:00,6.05008,6.09065,6.05002,6.06799,18.54
2014.02.21 00:00:00,6.06862,6.11235,6.06862,6.09057,21.25
2014.02.22 00:00:00,6.09057,6.09057,6.09057,6.09057,0
2014.02.23 00:00:00,6.09051,6.1017,6.087,6.0972,24.54
2014.02.24 00:00:00,6.09719,6.11521,6.08922,6.09465,238.11
2014.02.25 00:00:00,6.09502,6.12588,6.09263,6.11819,239.09
2014.02.26 00:00:00,6.11845,6.12637,6.10827,6.11739,834.41
2014.02.27 00:00:00,6.1195,6.1242,6.09315,6.10103,5704.29
2014.02.28 00:00:00,6.09938,6.128,6.0978,6.11673,361.28
2014.03.01 00:00:00,6.11673,6.11673,6.11673,6.11673,0
2014.03.02 00:00:00,6.11661,6.1259,6.11388,6.1258,239.7
2014.03.03 00:00:00,6.12581,6.12977,6.11713,6.1239,3389.6
2014.03.04 00:00:00,6.12568,6.13617,6.11782,6.13475,8149.2
2014.03.05 00:00:00,6.1305,6.1356,6.09531,6.11914,11406.31
2014.03.06 00:00:00,6.1193,6.1193,6.09427,6.09664,1371.82
2014.03.07 00:00:00,6.09541,6.1126,6.09385,6.10638,3334.24
2014.03.08 00:00:00,6.10638,6.10638,6.10638,6.10638,0
2014.03.09 00:00:00,6.10635,6.13567,6.10492,6.11508,1163.55
2014.03.10 00:00:00,6.1153,6.14074,6.10811,6.13483,1553.08
2014.03.11 00:00:00,6.13498,6.1432,6.12223,6.13766,2359.81
2014.03.12 00:00:00,6.13731,6.149,6.13269,6.13529,2471.5
2014.03.13 00:00:00,6.13394,6.15247,6.1291,6.13944,1940.97
2014.03.14 00:00:00,6.13923,6.1591,6.13553,6.15162,1542.53
2014.03.15 00:00:00,6.15162,6.15162,6.15162,6.15162,0
2014.03.16 00:00:00,6.1508,6.16864,6.14847,6.1603,1572.2
2014.03.17 00:00:00,6.16118,6.18213,6.15126,6.1603,2018.77
2014.03.18 00:00:00,6.1608,6.19241,6.15825,6.17683,2422.11
2014.03.19 00:00:00,6.17758,6.20621,6.17598,6.19081,1940.11
2014.03.20 00:00:00,6.1929,6.2115,6.18994,6.20457,2653.01
2014.03.21 00:00:00,6.20553,6.2084,6.19134,6.19351,2141.25
2014.03.22 00:00:00,6.19351,6.19351,6.19351,6.19351,0
2014.03.23 00:00:00,6.19423,6.19932,6.17682,6.19646,1705.92
2014.03.24 00:00:00,6.19749,6.19832,6.17649,6.17908,1900.03
2014.03.25 00:00:00,6.17912,6.20108,6.16904,6.18618,2113.11
2014.03.26 00:00:00,6.1846,6.20788,6.1817,6.20034,2489.24
2014.03.27 00:00:00,6.19999,6.21232,6.1978,6.20673,2235.52
2014.03.28 00:00:00,6.20674,6.20994,6.1987,6.20074,1793.78
2014.03.29 00:00:00,6.20074,6.20074,6.20074,6.20074,0
2014.03.30 00:00:00,6.20054,6.21359,6.19772,6.2023,1693.68
2014.03.31 00:00:00,6.20162,6.2177,6.20108,6.21257,2270.16
2014.04.01 00:00:00,6.214,6.2149,6.19863,6.20113,2366.74
2014.04.02 00:00:00,6.20332,6.21418,6.19402,6.21014,2054.79
2014.04.03 00:00:00,6.20361,6.21481,6.20061,6.20996,1590.63
2014.04.04 00:00:00,6.21296,6.22008,6.20626,6.20973,1740.16
2014.04.05 00:00:00,6.20973,6.20973,6.20973,6.20973,0
2014.04.06 00:00:00,6.21002,6.212,6.2036,6.20726,1597.72
2014.04.07 00:00:00,6.2097,6.2142,6.18651,6.19132,1773.57
2014.04.08 00:00:00,6.207,6.2109,6.18569,6.18865,2277.78
2014.04.09 00:00:00,6.19,6.20828,6.18269,6.20199,2732.26
2014.04.10 00:00:00,6.19288,6.20833,6.18749,6.20313,1950.35
2014.04.11 00:00:00,6.2048,6.2141,6.20283,6.20284,2364.23
2014.04.12 00:00:00,6.20284,6.20284,6.20284,6.20284,0
2014.04.13 00:00:00,6.20363,6.22184,6.2024,6.20529,1549.98
2014.04.14 00:00:00,6.20633,6.23561,6.20558,6.22301,1775.99
2014.04.15 00:00:00,6.22075,6.22926,6.21901,6.22218,1483.97
2014.04.16 00:00:00,6.22244,6.22659,6.21546,6.22197,1210.88
2014.04.17 00:00:00,6.22181,6.22291,6.2137,6.21997,1303.35
2014.04.18 00:00:00,6.22022,6.22377,6.21833,6.22037,1195.12
2014.04.19 00:00:00,6.22037,6.22037,6.22037,6.22037,0
2014.04.20 00:00:00,6.22035,6.2272,6.21953,6.22555,1405.64
2014.04.21 00:00:00,6.22117,6.2306,6.21903,6.22496,1188.74
2014.04.22 00:00:00,6.22517,6.23829,6.22484,6.23715,2015.36
2014.04.23 00:00:00,6.23667,6.24682,6.2339,6.23882,10303.72
2014.04.24 00:00:00,6.23889,6.25539,6.23556,6.25317,51011.74
2014.04.25 00:00:00,6.25315,6.26339,6.2484,6.25517,45068.09
2014.04.26 00:00:00,6.25517,6.25517,6.25517,6.25517,0
2014.04.27 00:00:00,6.25887,6.25909,6.2547,6.25737,6790.88
2014.04.28 00:00:00,6.25699,6.25985,6.24939,6.25164,51185.85
2014.04.29 00:00:00,6.25158,6.26055,6.25084,6.25905,51101.42
2014.04.30 00:00:00,6.25925,6.27169,6.25131,6.25298,27935.42
2014.05.01 00:00:00,6.25189,6.25829,6.24878,6.2532,11961.81
2014.05.02 00:00:00,6.2532,6.26197,6.25293,6.25472,12000.34
2014.05.03 00:00:00,6.25472,6.25472,6.25472,6.25472,0
2014.05.04 00:00:00,6.25424,6.25473,6.25231,6.25457,188.49
2014.05.05 00:00:00,6.25466,6.25607,6.24129,6.24304,17490.99
2014.05.06 00:00:00,6.24304,6.24667,6.22095,6.22323,24750.83
2014.05.07 00:00:00,6.22274,6.23856,6.22069,6.23493,21807.13
2014.05.08 00:00:00,6.23493,6.24007,6.224,6.23214,25523.2
2014.05.09 00:00:00,6.23214,6.23486,6.22807,6.23377,17489.78
2014.05.10 00:00:00,6.23377,6.23377,6.23377,6.23377,0
2014.05.11 00:00:00,6.23267,6.23409,6.23223,6.23393,176.6
2014.05.12 00:00:00,6.23354,6.24517,6.23354,6.24153,15211.37
2014.05.13 00:00:00,6.24093,6.2443,6.23414,6.23918,21854.97
2014.05.14 00:00:00,6.23915,6.23948,6.22324,6.22552,18860.24
2014.05.15 00:00:00,6.22538,6.23477,6.22402,6.23034,15411.23
2014.05.16 00:00:00,6.23126,6.23807,6.22758,6.2315,13305.84
2014.05.17 00:00:00,6.2315,6.2315,6.2315,6.2315,0
2014.05.18 00:00:00,6.23038,6.23605,6.22964,6.23227,119.4
2014.05.19 00:00:00,6.23256,6.24165,6.23247,6.23673,14729.95
2014.05.20 00:00:00,6.23674,6.23977,6.23484,6.23713,12544.67
2014.05.21 00:00:00,6.23699,6.23916,6.23203,6.23501,13963.18
2014.05.22 00:00:00,6.23494,6.23655,6.23003,6.23264,14477.31
2014.05.23 00:00:00,6.23264,6.23779,6.23153,6.23318,13418.88
2014.05.24 00:00:00,6.23318,6.23318,6.23318,6.23318,0
2014.05.25 00:00:00,6.23272,6.23466,6.23257,6.23357,45.64
2014.05.26 00:00:00,6.23346,6.23784,6.23298,6.2358,10072.36
2014.05.27 00:00:00,6.2357,6.25659,6.23409,6.25411,20120.1
2014.05.28 00:00:00,6.25395,6.27103,6.25334,6.26503,24125.89
2014.05.29 00:00:00,6.26503,6.26791,6.24507,6.24748,21810.02
2014.05.30 00:00:00,6.24724,6.25048,6.24043,6.24591,18550.03
2014.05.31 00:00:00,6.24591,6.24591,6.24591,6.24591,0
2014.06.01 00:00:00,6.24494,6.24657,6.24494,6.24657,3.14
2014.06.02 00:00:00,6.2465,6.2561,6.24613,6.25559,9696.21
2014.06.03 00:00:00,6.25547,6.25596,6.24645,6.25113,17245.81
2014.06.04 00:00:00,6.25119,6.25875,6.24855,6.25448,20546.6
2014.06.05 00:00:00,6.2536,6.2633,6.25253,6.25401,22606
2014.06.06 00:00:00,6.254,6.2545,6.24252,6.24283,20943.23
2014.06.07 00:00:00,6.24283,6.24283,6.24283,6.24283,0
2014.06.08 00:00:00,6.24106,6.244,6.24106,6.244,13.26
2014.06.09 00:00:00,6.24401,6.24499,6.2261,6.22744,23602.61
2014.06.10 00:00:00,6.22744,6.23095,6.21494,6.21593,24562
2014.06.11 00:00:00,6.21593,6.22794,6.21593,6.22437,20847.89
2014.06.12 00:00:00,6.22436,6.2269,6.20993,6.21304,21024.97
2014.06.13 00:00:00,6.21305,6.21828,6.20433,6.21072,21495.11
2014.06.14 00:00:00,6.21072,6.21072,6.21072,6.21072,0
2014.06.15 00:00:00,6.21096,6.21363,6.21086,6.21363,85.12
2014.06.16 00:00:00,6.21309,6.22453,6.20802,6.21905,21414.02
2014.06.17 00:00:00,6.2187,6.23377,6.2187,6.23193,24274.76
2014.06.18 00:00:00,6.23152,6.23623,6.2245,6.2254,22642.04
2014.06.19 00:00:00,6.22541,6.23173,6.22367,6.2291,20769.85
2014.06.20 00:00:00,6.2291,6.23132,6.226,6.22649,13050.72
2014.06.21 00:00:00,6.22649,6.22649,6.22649,6.22649,0
2014.06.22 00:00:00,6.22659,6.22694,6.22579,6.22632,62.17
2014.06.23 00:00:00,6.22637,6.22975,6.22238,6.2225,15611.42
2014.06.24 00:00:00,6.22234,6.23292,6.22234,6.23131,15568.45
2014.06.25 00:00:00,6.23141,6.23626,6.22681,6.22919,16133.68
2014.06.26 00:00:00,6.22919,6.23089,6.22236,6.22551,19463.07
2014.06.27 00:00:00,6.22542,6.22557,6.21329,6.2133,18748.06
2014.06.28 00:00:00,6.2133,6.2133,6.2133,6.2133,0
2014.06.29 00:00:00,6.21427,6.21617,6.21409,6.2158,70.09
2014.06.30 00:00:00,6.216,6.21613,6.20281,6.20281,18255.34
2014.07.01 00:00:00,6.20283,6.20817,6.2007,6.20507,15586.24
2014.07.02 00:00:00,6.20506,6.21728,6.20324,6.21591,19761.51
2014.07.03 00:00:00,6.216,6.21931,6.2099,6.21191,18639.78
2014.07.04 00:00:00,6.2119,6.21675,6.2046,6.20473,13884.01
2014.07.05 00:00:00,6.20473,6.20473,6.20473,6.20473,0
2014.07.06 00:00:00,6.20425,6.20511,6.2038,6.2045,130.13
2014.07.07 00:00:00,6.20451,6.20796,6.19859,6.20157,16717.74
2014.07.08 00:00:00,6.20141,6.20636,6.20008,6.20271,16493.54
2014.07.09 00:00:00,6.20268,6.20268,6.19545,6.19625,17515.31
2014.07.10 00:00:00,6.1963,6.20771,6.19269,6.20378,21105.38
2014.07.11 00:00:00,6.20367,6.20959,6.20126,6.20126,17100.73
2014.07.12 00:00:00,6.20126,6.20126,6.20126,6.20126,0
2014.07.13 00:00:00,6.20331,6.20331,6.2029,6.2029,6.75
2014.07.14 00:00:00,6.20383,6.20959,6.2038,6.2084,13339.3
2014.07.15 00:00:00,6.20841,6.21596,6.20754,6.2148,18139
2014.07.16 00:00:00,6.21493,6.21715,6.20598,6.20918,13993.55
2014.07.17 00:00:00,6.209,6.2092,6.20043,6.20201,12900.99
2014.07.18 00:00:00,6.20201,6.20201,6.20201,6.20201,0
2014.07.19 00:00:00,6.20201,6.20201,6.20201,6.20201,0
2014.07.20 00:00:00,6.20502,6.20568,6.20416,6.20482,110.88
2014.07.21 00:00:00,6.20452,6.2071,6.20337,6.20501,13113.8
2014.07.22 00:00:00,6.20513,6.20583,6.20151,6.203,14305.22
2014.07.23 00:00:00,6.203,6.2037,6.19077,6.19174,16159.73
2014.07.24 00:00:00,6.19176,6.1934,6.18827,6.19096,17624.64
2014.07.25 00:00:00,6.19091,6.19567,6.18691,6.18691,16928.74
2014.07.26 00:00:00,6.18691,6.18691,6.18691,6.18691,0
2014.07.27 00:00:00,6.18807,6.18836,6.18665,6.1872,247.16
2014.07.28 00:00:00,6.1872,6.18868,6.17992,6.18001,16498
2014.07.29 00:00:00,6.18001,6.18378,6.17697,6.18092,19339.05
2014.07.30 00:00:00,6.18071,6.18208,6.17066,6.17457,20817.96
2014.07.31 00:00:00,6.17452,6.18329,6.1734,6.18139,21874.4
2014.08.01 00:00:00,6.18145,6.18396,6.17125,6.17126,21096.7
2014.08.02 00:00:00,6.17126,6.17126,6.17126,6.17126,0
2014.08.03 00:00:00,6.17361,6.17404,6.17332,6.17404,55.26
2014.08.04 00:00:00,6.17399,6.17798,6.17266,6.17362,13535.56
2014.08.05 00:00:00,6.17361,6.17563,6.1666,6.16941,16697.96
2014.08.06 00:00:00,6.1694,6.17085,6.1596,6.16261,16735.27
2014.08.07 00:00:00,6.16263,6.16755,6.1583,6.16471,20678.44
2014.08.08 00:00:00,6.16483,6.16913,6.15308,6.15308,20458.1
2014.08.09 00:00:00,6.15308,6.15308,6.15308,6.15308,0
2014.08.10 00:00:00,6.15428,6.15523,6.15411,6.15501,112.29
2014.08.11 00:00:00,6.155,6.15625,6.1507,6.1533,14160.25
2014.08.12 00:00:00,6.15331,6.16311,6.15312,6.1596,15627.67
2014.08.13 00:00:00,6.1596,6.1653,6.15661,6.15808,17103.3
2014.08.14 00:00:00,6.15791,6.15869,6.15,6.1513,14560.92
2014.08.15 00:00:00,6.15131,6.15226,6.14421,6.14513,17820.64
2014.08.16 00:00:00,6.14513,6.14513,6.14513,6.14513,0
2014.08.17 00:00:00,6.14678,6.14679,6.1459,6.14664,176
2014.08.18 00:00:00,6.1465,6.14665,6.13931,6.14011,12642.64
2014.08.19 00:00:00,6.14011,6.14533,6.13531,6.14402,19219.15
2014.08.20 00:00:00,6.14402,6.14682,6.14147,6.14508,17129.39
2014.08.21 00:00:00,6.14507,6.15877,6.14501,6.15397,21312.19
2014.08.22 00:00:00,6.15397,6.16228,6.15367,6.15574,22463.8
2014.08.23 00:00:00,6.15574,6.15574,6.15574,6.15574,0
2014.08.24 00:00:00,6.15393,6.16078,6.15392,6.15863,2295.13
2014.08.25 00:00:00,6.15857,6.16136,6.15347,6.15792,35462.3
2014.08.26 00:00:00,6.15793,6.15794,6.14889,6.15051,31997.16
2014.08.27 00:00:00,6.15054,6.15121,6.143,6.14392,35461.39
2014.08.28 00:00:00,6.14392,6.15295,6.14171,6.14941,24181.87
2014.08.29 00:00:00,6.14939,6.15198,6.1469,6.14793,15518.24
2014.08.30 00:00:00,6.14793,6.14793,6.14793,6.14793,0
2014.08.31 00:00:00,6.14905,6.14941,6.1489,6.14918,2796.62
2014.09.01 00:00:00,6.14891,6.1518,6.14336,6.14491,32697.47
2014.09.02 00:00:00,6.1449,6.15447,6.14423,6.15258,36063.42
2014.09.03 00:00:00,6.15259,6.15328,6.144,6.14666,38622.13
2014.09.04 00:00:00,6.14641,6.14867,6.13765,6.1484,42546.74
2014.09.05 00:00:00,6.1484,6.14929,6.14,6.1405,38592.19
2014.09.06 00:00:00,6.1405,6.1405,6.1405,6.1405,0
2014.09.07 00:00:00,6.13903,6.14169,6.13804,6.14165,1823.5
2014.09.08 00:00:00,6.14165,6.14166,6.1335,6.13861,36820.3
2014.09.09 00:00:00,6.1386,6.14115,6.1322,6.1377,42527.85
2014.09.10 00:00:00,6.13771,6.13771,6.13077,6.13309,36431.4
2014.09.11 00:00:00,6.13309,6.13877,6.1326,6.13641,36222.76
2014.09.12 00:00:00,6.1364,6.14172,6.13536,6.14003,33479.16
2014.09.13 00:00:00,6.14003,6.14003,6.14003,6.14003,0
2014.09.14 00:00:00,6.14321,6.14374,6.14031,6.14342,2418.22
2014.09.15 00:00:00,6.1434,6.176,6.1431,6.16814,42647.44
2014.09.16 00:00:00,6.16814,6.17914,6.1543,6.15604,46524.54
2014.09.17 00:00:00,6.15583,6.16389,6.14862,6.16341,39013.18
2014.09.18 00:00:00,6.16291,6.16341,6.1447,6.146,35416.57
2014.09.19 00:00:00,6.1457,6.1468,6.14049,6.14206,33171.26
2014.09.20 00:00:00,6.14206,6.14206,6.14206,6.14206,0
2014.09.21 00:00:00,6.14088,6.14539,6.14088,6.14363,3357.41
2014.09.22 00:00:00,6.14363,6.15469,6.13955,6.1496,32145.83
2014.09.23 00:00:00,6.14975,6.15179,6.1397,6.14128,32337.43
2014.09.24 00:00:00,6.14128,6.1434,6.13636,6.14006,35072.66
2014.09.25 00:00:00,6.14006,6.15099,6.13906,6.14445,38475.42
2014.09.26 00:00:00,6.14446,6.14719,6.14005,6.143,37466.51
2014.09.27 00:00:00,6.143,6.143,6.143,6.143,0
2014.09.28 00:00:00,6.14553,6.15797,6.14471,6.1553,2556
2014.09.29 00:00:00,6.15531,6.18023,6.15122,6.1757,53975.36
2014.09.30 00:00:00,6.17522,6.18168,6.16254,6.1811,51569.62
2014.10.01 00:00:00,6.1809,6.18387,6.169,6.16993,46607.8
2014.10.02 00:00:00,6.16993,6.17001,6.15811,6.15991,40635.92
2014.10.03 00:00:00,6.15991,6.16951,6.1563,6.16652,31495.32
2014.10.04 00:00:00,6.16652,6.16652,6.16652,6.16652,0
2014.10.05 00:00:00,6.16556,6.17173,6.1643,6.1687,1418.5
2014.10.06 00:00:00,6.16871,6.16946,6.1493,6.14939,38429.11
2014.10.07 00:00:00,6.14939,6.15407,6.14391,6.14488,42713.69
2014.10.08 00:00:00,6.14488,6.14715,6.13637,6.13762,34622.37
2014.10.09 00:00:00,6.13771,6.14173,6.13322,6.13701,43590.54
2014.10.10 00:00:00,6.137,6.14468,6.13621,6.13979,40351.44
2014.10.11 00:00:00,6.13979,6.13979,6.13979,6.13979,0
2014.10.12 00:00:00,6.13957,6.14224,6.13836,6.13946,2727.9
2014.10.13 00:00:00,6.13946,6.14384,6.1349,6.13531,37324.9
2014.10.14 00:00:00,6.1353,6.14282,6.13392,6.13961,34533.4
2014.10.15 00:00:00,6.1396,6.14236,6.13171,6.13271,41240.71
2014.10.16 00:00:00,6.13271,6.15503,6.13042,6.1408,49511.98
2014.10.17 00:00:00,6.14081,6.14932,6.1348,6.13902,34237.42
2014.10.18 00:00:00,6.13902,6.13902,6.13902,6.13902,0
2014.10.19 00:00:00,6.13828,6.14055,6.1376,6.1383,139.24
2014.10.20 00:00:00,6.13821,6.13865,6.1313,6.13156,35747.41
2014.10.21 00:00:00,6.13141,6.13296,6.12441,6.12708,35842.37
2014.10.22 00:00:00,6.12706,6.12797,6.12062,6.1247,34370.23
2014.10.23 00:00:00,6.12502,6.12702,6.12392,6.1259,36351.58
2014.10.24 00:00:00,6.12591,6.13037,6.12246,6.12246,33548.89
2014.10.25 00:00:00,6.12246,6.12246,6.12246,6.12246,0
2014.10.26 00:00:00,6.1239,6.12545,6.12278,6.12398,2185.25
2014.10.27 00:00:00,6.1237,6.12415,6.11861,6.12011,30511.56
2014.10.28 00:00:00,6.1201,6.12012,6.11231,6.11351,30460.98
2014.10.29 00:00:00,6.11351,6.11887,6.11101,6.11751,32882.04
2014.10.30 00:00:00,6.11761,6.12312,6.11552,6.11591,35442.69
2014.10.31 00:00:00,6.11591,6.12907,6.1144,6.12697,39619.79
